{
  "X|X|X": {
    ".": 0.4578313253012048,
    "#": 0.23373493975903614,
    "b": 0.20481927710843373,
    "B": 0.08674698795180723,
    "-": 0.016867469879518072
  },
  "X|.|X": {
    ".": 0.9087625628140703,
    "#": 0.05025125628140704,
    "-": 0.013347989949748744,
    "B": 0.010050251256281407,
    "b": 0.017587939698492462
  },
  "X|#|X": {
    ".": 0.3932038834951456,
    "b": 0.1953883495145631,
    "-": 0.027912621359223302,
    "B": 0.05946601941747573,
    "#": 0.32402912621359226
  },
  ".|X|X": {
    ".": 0.7211495285136955,
    "b": 0.14728334081724292,
    "#": 0.09519533004041311,
    "-": 0.012572968118545127,
    "B": 0.023798832510103278
  },
  ".|.|.": {
    ".": 0.9073363277528242,
    "#": 0.031223628691983123,
    "-": 0.012739893834218047,
    "b": 0.04110521301211379,
    "B": 0.007594936708860759
  },
  "#|.|.": {
    "#": 0.8196686491079015,
    ".": 0.15505522514868308,
    "b": 0.019328802039082413,
    "B": 0.004035683942225999,
    "-": 0.0019116397621070519
  },
  ".|#|#": {
    ".": 0.6942452335140809,
    "-": 0.04163022564281966,
    "b": 0.15987405982158476,
    "B": 0.04985132062270421,
    "#": 0.05439916039881056
  },
  ".|b|.": {
    "b": 0.7983304548071387,
    "#": 0.06350028785261946,
    ".": 0.08871617731721358,
    "B": 0.04743811168681635,
    "-": 0.0020149683362118594
  },
  ".|#|.": {
    "b": 0.35152838427947597,
    "B": 0.07049282595134124,
    ".": 0.36026200873362446,
    "#": 0.18059887710542732,
    "-": 0.03711790393013101
  },
  "b|X|X": {
    ".": 0.294167371090448,
    "b": 0.6441251056635672,
    "#": 0.03634826711749789,
    "B": 0.01944209636517329,
    "-": 0.005917159763313609
  },
  "b|.|b": {
    ".": 0.820781077392943,
    "b": 0.1469881083891091,
    "#": 0.01676522191175515,
    "B": 0.005913314705308987,
    "-": 0.009552277600883749
  },
  "#|.|b": {
    "#": 0.8303523035230352,
    ".": 0.0959349593495935,
    "b": 0.06720867208672086,
    "-": 0.002168021680216802,
    "B": 0.004336043360433604
  },
  "b|#|#": {
    "-": 0.018791034638895178,
    ".": 0.3307674892460946,
    "b": 0.5752773375594294,
    "#": 0.05229793977812995,
    "B": 0.022866198777450757
  },
  "b|-|b": {
    "-": 0.8066961465571699,
    "b": 0.060644346178142766,
    ".": 0.10423246999368288,
    "#": 0.027795325331648767,
    "B": 0.0006317119393556538
  },
  ".|-|b": {
    "-": 0.6804123711340206,
    ".": 0.07216494845360824,
    "#": 0.08247422680412371,
    "b": 0.16494845360824742
  },
  ".|-|.": {
    "-": 0.7654996353026987,
    ".": 0.17031363967906638,
    "#": 0.045587162654996356,
    "b": 0.012399708242159009,
    "B": 0.006199854121079504
  },
  "#|-|.": {
    "#": 0.7925170068027211,
    ".": 0.09183673469387756,
    "-": 0.09523809523809523,
    "B": 0.013605442176870748,
    "b": 0.006802721088435374
  },
  "-|#|#": {
    ".": 0.7676537585421412,
    "b": 0.07061503416856492,
    "-": 0.14123006833712984,
    "#": 0.009111617312072893,
    "B": 0.011389521640091117
  },
  "-|.|-": {
    ".": 0.9111291193949217,
    "b": 0.025391680172879523,
    "#": 0.025121555915721232,
    "-": 0.02593192868719611,
    "B": 0.01242571582928147
  },
  "-|b|-": {
    "b": 0.7277882797731569,
    "#": 0.045368620037807186,
    ".": 0.18714555765595464,
    "B": 0.035916824196597356,
    "-": 0.003780718336483932
  },
  "-|#|-": {
    ".": 0.5795454545454546,
    "b": 0.11363636363636363,
    "B": 0.03409090909090909,
    "-": 0.06818181818181818,
    "#": 0.20454545454545456
  },
  "#|.|-": {
    "b": 0.044,
    "#": 0.628,
    ".": 0.294,
    "-": 0.024,
    "B": 0.01
  },
  ".|b|#": {
    "b": 0.711096520026264,
    ".": 0.0551543007222587,
    "B": 0.03282994090610637,
    "#": 0.19763624425476034,
    "-": 0.003282994090610637
  },
  "b|.|.": {
    "b": 0.5828150195807418,
    ".": 0.3953006219765031,
    "#": 0.00598940336328035,
    "B": 0.0129002533978346,
    "-": 0.002994701681640175
  },
  "b|b|b": {
    "b": 0.7910973997355664,
    ".": 0.17355663287791978,
    "#": 0.019215513442044953,
    "-": 0.00749228735125606,
    "B": 0.008638166593212869
  },
  "#|b|b": {
    "#": 0.7970193740685544,
    "b": 0.16572280178837556,
    ".": 0.027719821162444112,
    "B": 0.007749627421758569,
    "-": 0.0017883755588673621
  },
  "#|b|.": {
    "b": 0.5193899782135076,
    "#": 0.3790849673202614,
    "B": 0.03442265795206972,
    ".": 0.06623093681917211,
    "-": 0.0008714596949891067
  },
  ".|.|b": {
    ".": 0.7126288659793815,
    "-": 0.019329896907216496,
    "b": 0.19201030927835053,
    "#": 0.06314432989690721,
    "B": 0.01288659793814433
  },
  "-|b|#": {
    "b": 0.5094339622641509,
    ".": 0.3018867924528302,
    "#": 0.16981132075471697,
    "-": 0.018867924528301886
  },
  ".|B|.": {
    "B": 0.640031233732431,
    "b": 0.21108797501301405,
    "#": 0.062207183758459135,
    ".": 0.0827693909422176,
    "-": 0.0039042165538781884
  },
  "#|X|X": {
    "#": 0.8746010031919744,
    "B": 0.020063839489284085,
    "b": 0.0674874601003192,
    ".": 0.0364797081623347,
    "-": 0.0013679890560875513
  },
  "B|#|#": {
    ".": 0.2774151436031332,
    "-": 0.01370757180156658,
    "B": 0.5835509138381201,
    "b": 0.05287206266318538,
    "#": 0.07245430809399478
  },
  "B|.|B": {
    ".": 0.8736567893194399,
    "B": 0.05503093454900684,
    "b": 0.011722565939433409,
    "#": 0.04395962227287528,
    "-": 0.015630087919244546
  },
  "b|.|B": {
    ".": 0.8471337579617835,
    "b": 0.10191082802547771,
    "#": 0.014861995753715499,
    "-": 0.01167728237791932,
    "B": 0.024416135881104035
  },
  "B|.|b": {
    ".": 0.8003894839337877,
    "B": 0.15384615384615385,
    "b": 0.02531645569620253,
    "#": 0.013631937682570594,
    "-": 0.006815968841285297
  },
  "#|.|B": {
    "#": 0.8703374777975134,
    ".": 0.0941385435168739,
    "b": 0.010657193605683837,
    "B": 0.02486678507992895
  },
  ".|#|-": {
    "b": 0.5,
    ".": 0.30952380952380953,
    "-": 0.023809523809523808,
    "B": 0.14285714285714285,
    "#": 0.023809523809523808
  },
  ".|B|#": {
    "B": 0.6052009456264775,
    "b": 0.2127659574468085,
    "#": 0.12529550827423167,
    ".": 0.05673758865248227
  },
  "#|B|.": {
    "#": 0.4232558139534884,
    "B": 0.4868217054263566,
    "b": 0.06046511627906977,
    "-": 0.0031007751937984496,
    ".": 0.02635658914728682
  },
  ".|.|#": {
    ".": 0.5833333333333334,
    "#": 0.29910714285714285,
    "b": 0.08035714285714286,
    "-": 0.011160714285714286,
    "B": 0.026041666666666668
  },
  "B|X|X": {
    "B": 0.7926186291739895,
    "b": 0.04745166959578207,
    "#": 0.03163444639718805,
    ".": 0.12478031634446397,
    "-": 0.0035149384885764497
  },
  "b|B|B": {
    "b": 0.5590062111801242,
    ".": 0.3002070393374741,
    "B": 0.10973084886128365,
    "-": 0.014492753623188406,
    "#": 0.016563146997929608
  },
  "B|b|b": {
    "B": 0.6413793103448275,
    "b": 0.13793103448275862,
    "-": 0.009195402298850575,
    ".": 0.18620689655172415,
    "#": 0.02528735632183908
  },
  ".|B|B": {
    ".": 0.573735199138859,
    "#": 0.08503767491926803,
    "b": 0.15715823466092574,
    "B": 0.17115177610333693,
    "-": 0.012917115177610334
  },
  ".|b|B": {
    "b": 0.5029940119760479,
    ".": 0.32934131736526945,
    "B": 0.11377245508982035,
    "#": 0.04790419161676647,
    "-": 0.005988023952095809
  },
  "B|b|.": {
    "b": 0.2847457627118644,
    "B": 0.4847457627118644,
    ".": 0.21016949152542372,
    "#": 0.01694915254237288,
    "-": 0.003389830508474576
  },
  "-|B|.": {
    "B": 0.08196721311475409,
    ".": 0.7868852459016393,
    "#": 0.06557377049180328,
    "b": 0.04918032786885246,
    "-": 0.01639344262295082
  },
  "-|B|-": {
    ".": 0.3391304347826087,
    "#": 0.05217391304347826,
    "B": 0.391304347826087,
    "b": 0.14782608695652175,
    "-": 0.06956521739130435
  },
  ".|.|B": {
    ".": 0.6537634408602151,
    "B": 0.0989247311827957,
    "b": 0.12688172043010754,
    "#": 0.07741935483870968,
    "-": 0.043010752688172046
  },